/root/Desktop/bad_curve/IMG/center_2019_01_30_04_20_33_556.jpg,/root/Desktop/bad_curve/IMG/left_2019_01_30_04_20_33_556.jpg,/root/Desktop/bad_curve/IMG/right_2019_01_30_04_20_33_556.jpg,0,0,0,3.198739
/root/Desktop/bad_curve/IMG/center_2019_01_30_04_20_33_624.jpg,/root/Desktop/bad_curve/IMG/left_2019_01_30_04_20_33_624.jpg,/root/Desktop/bad_curve/IMG/right_2019_01_30_04_20_33_624.jpg,0,0,0,3.179442
/root/Desktop/bad_curve/IMG/center_2019_01_30_04_20_33_693.jpg,/root/Desktop/bad_curve/IMG/left_2019_01_30_04_20_33_693.jpg,/root/Desktop/bad_curve/IMG/right_2019_01_30_04_20_33_693.jpg,0,0,0,3.153892
/root/Desktop/bad_curve/IMG/center_2019_01_30_04_20_33_759.jpg,/root/Desktop/bad_curve/IMG/left_2019_01_30_04_20_33_759.jpg,/root/Desktop/bad_curve/IMG/right_2019_01_30_04_20_33_759.jpg,0,0,0,3.134865
/root/Desktop/bad_curve/IMG/center_2019_01_30_04_20_33_831.jpg,/root/Desktop/bad_curve/IMG/left_2019_01_30_04_20_33_831.jpg,/root/Desktop/bad_curve/IMG/right_2019_01_30_04_20_33_831.jpg,0,0.1079314,0,3.164842
/root/Desktop/bad_curve/IMG/center_2019_01_30_04_20_33_904.jpg,/root/Desktop/bad_curve/IMG/left_2019_01_30_04_20_33_904.jpg,/root/Desktop/bad_curve/IMG/right_2019_01_30_04_20_33_904.jpg,0,0.3449464,0,3.375771
/root/Desktop/bad_curve/IMG/center_2019_01_30_04_20_33_972.jpg,/root/Desktop/bad_curve/IMG/left_2019_01_30_04_20_33_972.jpg,/root/Desktop/bad_curve/IMG/right_2019_01_30_04_20_33_972.jpg,0,0.5849969,0,3.838219
/root/Desktop/bad_curve/IMG/center_2019_01_30_04_20_34_039.jpg,/root/Desktop/bad_curve/IMG/left_2019_01_30_04_20_34_039.jpg,/root/Desktop/bad_curve/IMG/right_2019_01_30_04_20_34_039.jpg,0,0.7681739,0,4.325166
/root/Desktop/bad_curve/IMG/center_2019_01_30_04_20_34_111.jpg,/root/Desktop/bad_curve/IMG/left_2019_01_30_04_20_34_111.jpg,/root/Desktop/bad_curve/IMG/right_2019_01_30_04_20_34_111.jpg,0,0.6624606,0,4.823864
/root/Desktop/bad_curve/IMG/center_2019_01_30_04_20_34_183.jpg,/root/Desktop/bad_curve/IMG/left_2019_01_30_04_20_34_183.jpg,/root/Desktop/bad_curve/IMG/right_2019_01_30_04_20_34_183.jpg,0.15,0.4105747,0,5.282433
/root/Desktop/bad_curve/IMG/center_2019_01_30_04_20_34_254.jpg,/root/Desktop/bad_curve/IMG/left_2019_01_30_04_20_34_254.jpg,/root/Desktop/bad_curve/IMG/right_2019_01_30_04_20_34_254.jpg,0.35,0.1771324,0,5.491868
/root/Desktop/bad_curve/IMG/center_2019_01_30_04_20_34_322.jpg,/root/Desktop/bad_curve/IMG/left_2019_01_30_04_20_34_322.jpg,/root/Desktop/bad_curve/IMG/right_2019_01_30_04_20_34_322.jpg,0.5000001,0.2852576,0,5.594691
/root/Desktop/bad_curve/IMG/center_2019_01_30_04_20_34_390.jpg,/root/Desktop/bad_curve/IMG/left_2019_01_30_04_20_34_390.jpg,/root/Desktop/bad_curve/IMG/right_2019_01_30_04_20_34_390.jpg,0.4121032,0.4537439,0,5.83521
/root/Desktop/bad_curve/IMG/center_2019_01_30_04_20_34_458.jpg,/root/Desktop/bad_curve/IMG/left_2019_01_30_04_20_34_458.jpg,/root/Desktop/bad_curve/IMG/right_2019_01_30_04_20_34_458.jpg,0.1550124,0.1966531,0,6.090593
/root/Desktop/bad_curve/IMG/center_2019_01_30_04_20_34_529.jpg,/root/Desktop/bad_curve/IMG/left_2019_01_30_04_20_34_529.jpg,/root/Desktop/bad_curve/IMG/right_2019_01_30_04_20_34_529.jpg,0,0.2639,0,6.19102
/root/Desktop/bad_curve/IMG/center_2019_01_30_04_20_34_602.jpg,/root/Desktop/bad_curve/IMG/left_2019_01_30_04_20_34_602.jpg,/root/Desktop/bad_curve/IMG/right_2019_01_30_04_20_34_602.jpg,0,0.4991813,0,6.522363
/root/Desktop/bad_curve/IMG/center_2019_01_30_04_20_34_670.jpg,/root/Desktop/bad_curve/IMG/left_2019_01_30_04_20_34_670.jpg,/root/Desktop/bad_curve/IMG/right_2019_01_30_04_20_34_670.jpg,0,0.31601,0,6.773048
/root/Desktop/bad_curve/IMG/center_2019_01_30_04_20_34_737.jpg,/root/Desktop/bad_curve/IMG/left_2019_01_30_04_20_34_737.jpg,/root/Desktop/bad_curve/IMG/right_2019_01_30_04_20_34_737.jpg,0,0.2527907,0,6.939888
/root/Desktop/bad_curve/IMG/center_2019_01_30_04_20_34_808.jpg,/root/Desktop/bad_curve/IMG/left_2019_01_30_04_20_34_808.jpg,/root/Desktop/bad_curve/IMG/right_2019_01_30_04_20_34_808.jpg,0,0.4300754,0,7.153556
/root/Desktop/bad_curve/IMG/center_2019_01_30_04_20_34_879.jpg,/root/Desktop/bad_curve/IMG/left_2019_01_30_04_20_34_879.jpg,/root/Desktop/bad_curve/IMG/right_2019_01_30_04_20_34_879.jpg,0,0.4518106,0,7.570802
/root/Desktop/bad_curve/IMG/center_2019_01_30_04_20_34_948.jpg,/root/Desktop/bad_curve/IMG/left_2019_01_30_04_20_34_948.jpg,/root/Desktop/bad_curve/IMG/right_2019_01_30_04_20_34_948.jpg,0,0.2644279,0,7.774902
/root/Desktop/bad_curve/IMG/center_2019_01_30_04_20_35_019.jpg,/root/Desktop/bad_curve/IMG/left_2019_01_30_04_20_35_019.jpg,/root/Desktop/bad_curve/IMG/right_2019_01_30_04_20_35_019.jpg,0.06095982,0.03122592,0,7.841198
/root/Desktop/bad_curve/IMG/center_2019_01_30_04_20_35_086.jpg,/root/Desktop/bad_curve/IMG/left_2019_01_30_04_20_35_086.jpg,/root/Desktop/bad_curve/IMG/right_2019_01_30_04_20_35_086.jpg,0,0,0,7.795493
/root/Desktop/bad_curve/IMG/center_2019_01_30_04_20_35_155.jpg,/root/Desktop/bad_curve/IMG/left_2019_01_30_04_20_35_155.jpg,/root/Desktop/bad_curve/IMG/right_2019_01_30_04_20_35_155.jpg,0,0.0719254,0,7.753409
/root/Desktop/bad_curve/IMG/center_2019_01_30_04_20_35_224.jpg,/root/Desktop/bad_curve/IMG/left_2019_01_30_04_20_35_224.jpg,/root/Desktop/bad_curve/IMG/right_2019_01_30_04_20_35_224.jpg,0,0.2617199,0,7.835309
/root/Desktop/bad_curve/IMG/center_2019_01_30_04_20_35_291.jpg,/root/Desktop/bad_curve/IMG/left_2019_01_30_04_20_35_291.jpg,/root/Desktop/bad_curve/IMG/right_2019_01_30_04_20_35_291.jpg,0,0.4269032,0,8.049147
/root/Desktop/bad_curve/IMG/center_2019_01_30_04_20_35_360.jpg,/root/Desktop/bad_curve/IMG/left_2019_01_30_04_20_35_360.jpg,/root/Desktop/bad_curve/IMG/right_2019_01_30_04_20_35_360.jpg,0,0.3702278,0,8.421561
/root/Desktop/bad_curve/IMG/center_2019_01_30_04_20_35_429.jpg,/root/Desktop/bad_curve/IMG/left_2019_01_30_04_20_35_429.jpg,/root/Desktop/bad_curve/IMG/right_2019_01_30_04_20_35_429.jpg,0,0.1860065,0,8.567961
/root/Desktop/bad_curve/IMG/center_2019_01_30_04_20_35_497.jpg,/root/Desktop/bad_curve/IMG/left_2019_01_30_04_20_35_497.jpg,/root/Desktop/bad_curve/IMG/right_2019_01_30_04_20_35_497.jpg,0,0.05669689,0,8.576286
/root/Desktop/bad_curve/IMG/center_2019_01_30_04_20_35_569.jpg,/root/Desktop/bad_curve/IMG/left_2019_01_30_04_20_35_569.jpg,/root/Desktop/bad_curve/IMG/right_2019_01_30_04_20_35_569.jpg,0,0.235611,0,8.640947
/root/Desktop/bad_curve/IMG/center_2019_01_30_04_20_35_636.jpg,/root/Desktop/bad_curve/IMG/left_2019_01_30_04_20_35_636.jpg,/root/Desktop/bad_curve/IMG/right_2019_01_30_04_20_35_636.jpg,0.05,0.1094277,0,8.77523
/root/Desktop/bad_curve/IMG/center_2019_01_30_04_20_35_706.jpg,/root/Desktop/bad_curve/IMG/left_2019_01_30_04_20_35_706.jpg,/root/Desktop/bad_curve/IMG/right_2019_01_30_04_20_35_706.jpg,0.2,0,0,8.734349
/root/Desktop/bad_curve/IMG/center_2019_01_30_04_20_35_778.jpg,/root/Desktop/bad_curve/IMG/left_2019_01_30_04_20_35_778.jpg,/root/Desktop/bad_curve/IMG/right_2019_01_30_04_20_35_778.jpg,0.3233879,0,0,8.633299
/root/Desktop/bad_curve/IMG/center_2019_01_30_04_20_35_846.jpg,/root/Desktop/bad_curve/IMG/left_2019_01_30_04_20_35_846.jpg,/root/Desktop/bad_curve/IMG/right_2019_01_30_04_20_35_846.jpg,0.1406457,0,0,8.583123
/root/Desktop/bad_curve/IMG/center_2019_01_30_04_20_35_918.jpg,/root/Desktop/bad_curve/IMG/left_2019_01_30_04_20_35_918.jpg,/root/Desktop/bad_curve/IMG/right_2019_01_30_04_20_35_918.jpg,0,0,0,8.508137
/root/Desktop/bad_curve/IMG/center_2019_01_30_04_20_35_986.jpg,/root/Desktop/bad_curve/IMG/left_2019_01_30_04_20_35_986.jpg,/root/Desktop/bad_curve/IMG/right_2019_01_30_04_20_35_986.jpg,0,0.1676044,0,8.52635
/root/Desktop/bad_curve/IMG/center_2019_01_30_04_20_36_059.jpg,/root/Desktop/bad_curve/IMG/left_2019_01_30_04_20_36_059.jpg,/root/Desktop/bad_curve/IMG/right_2019_01_30_04_20_36_059.jpg,0,0.402405,0,8.751785
/root/Desktop/bad_curve/IMG/center_2019_01_30_04_20_36_131.jpg,/root/Desktop/bad_curve/IMG/left_2019_01_30_04_20_36_131.jpg,/root/Desktop/bad_curve/IMG/right_2019_01_30_04_20_36_131.jpg,0,0.3731124,0,9.01194
/root/Desktop/bad_curve/IMG/center_2019_01_30_04_20_36_202.jpg,/root/Desktop/bad_curve/IMG/left_2019_01_30_04_20_36_202.jpg,/root/Desktop/bad_curve/IMG/right_2019_01_30_04_20_36_202.jpg,0,0.1207767,0,9.166878
/root/Desktop/bad_curve/IMG/center_2019_01_30_04_20_36_275.jpg,/root/Desktop/bad_curve/IMG/left_2019_01_30_04_20_36_275.jpg,/root/Desktop/bad_curve/IMG/right_2019_01_30_04_20_36_275.jpg,0,0.06884694,0,9.131965
/root/Desktop/bad_curve/IMG/center_2019_01_30_04_20_36_346.jpg,/root/Desktop/bad_curve/IMG/left_2019_01_30_04_20_36_346.jpg,/root/Desktop/bad_curve/IMG/right_2019_01_30_04_20_36_346.jpg,0,0.1331191,0,9.180779
/root/Desktop/bad_curve/IMG/center_2019_01_30_04_20_36_417.jpg,/root/Desktop/bad_curve/IMG/left_2019_01_30_04_20_36_417.jpg,/root/Desktop/bad_curve/IMG/right_2019_01_30_04_20_36_417.jpg,0,0,0,9.13744
/root/Desktop/bad_curve/IMG/center_2019_01_30_04_20_36_490.jpg,/root/Desktop/bad_curve/IMG/left_2019_01_30_04_20_36_490.jpg,/root/Desktop/bad_curve/IMG/right_2019_01_30_04_20_36_490.jpg,0,0,0,9.082304
/root/Desktop/bad_curve/IMG/center_2019_01_30_04_20_36_567.jpg,/root/Desktop/bad_curve/IMG/left_2019_01_30_04_20_36_567.jpg,/root/Desktop/bad_curve/IMG/right_2019_01_30_04_20_36_567.jpg,0.2,0,0,8.998739
/root/Desktop/bad_curve/IMG/center_2019_01_30_04_20_36_637.jpg,/root/Desktop/bad_curve/IMG/left_2019_01_30_04_20_36_637.jpg,/root/Desktop/bad_curve/IMG/right_2019_01_30_04_20_36_637.jpg,0.4,0,0,8.890186
/root/Desktop/bad_curve/IMG/center_2019_01_30_04_20_36_704.jpg,/root/Desktop/bad_curve/IMG/left_2019_01_30_04_20_36_704.jpg,/root/Desktop/bad_curve/IMG/right_2019_01_30_04_20_36_704.jpg,0.5500001,0,0,8.794528
/root/Desktop/bad_curve/IMG/center_2019_01_30_04_20_36_775.jpg,/root/Desktop/bad_curve/IMG/left_2019_01_30_04_20_36_775.jpg,/root/Desktop/bad_curve/IMG/right_2019_01_30_04_20_36_775.jpg,0.7500002,0,0,8.649857
/root/Desktop/bad_curve/IMG/center_2019_01_30_04_20_36_844.jpg,/root/Desktop/bad_curve/IMG/left_2019_01_30_04_20_36_844.jpg,/root/Desktop/bad_curve/IMG/right_2019_01_30_04_20_36_844.jpg,0.9272528,0.07274723,0,8.535151
/root/Desktop/bad_curve/IMG/center_2019_01_30_04_20_36_913.jpg,/root/Desktop/bad_curve/IMG/left_2019_01_30_04_20_36_913.jpg,/root/Desktop/bad_curve/IMG/right_2019_01_30_04_20_36_913.jpg,0.7020066,0.2979934,0,8.652976
/root/Desktop/bad_curve/IMG/center_2019_01_30_04_20_36_984.jpg,/root/Desktop/bad_curve/IMG/left_2019_01_30_04_20_36_984.jpg,/root/Desktop/bad_curve/IMG/right_2019_01_30_04_20_36_984.jpg,0.5072467,0.4927533,0,8.914787
/root/Desktop/bad_curve/IMG/center_2019_01_30_04_20_37_061.jpg,/root/Desktop/bad_curve/IMG/left_2019_01_30_04_20_37_061.jpg,/root/Desktop/bad_curve/IMG/right_2019_01_30_04_20_37_061.jpg,0.3793347,0.3222334,0,9.275275
/root/Desktop/bad_curve/IMG/center_2019_01_30_04_20_37_129.jpg,/root/Desktop/bad_curve/IMG/left_2019_01_30_04_20_37_129.jpg,/root/Desktop/bad_curve/IMG/right_2019_01_30_04_20_37_129.jpg,0.5293348,0.1590664,0,9.385445
/root/Desktop/bad_curve/IMG/center_2019_01_30_04_20_37_196.jpg,/root/Desktop/bad_curve/IMG/left_2019_01_30_04_20_37_196.jpg,/root/Desktop/bad_curve/IMG/right_2019_01_30_04_20_37_196.jpg,0.4910741,0.2332263,0,9.43512
/root/Desktop/bad_curve/IMG/center_2019_01_30_04_20_37_266.jpg,/root/Desktop/bad_curve/IMG/left_2019_01_30_04_20_37_266.jpg,/root/Desktop/bad_curve/IMG/right_2019_01_30_04_20_37_266.jpg,0.3207638,0.4035366,0,9.62893
/root/Desktop/bad_curve/IMG/center_2019_01_30_04_20_37_333.jpg,/root/Desktop/bad_curve/IMG/left_2019_01_30_04_20_37_333.jpg,/root/Desktop/bad_curve/IMG/right_2019_01_30_04_20_37_333.jpg,0.07896376,0.3623214,0,9.974298
/root/Desktop/bad_curve/IMG/center_2019_01_30_04_20_37_405.jpg,/root/Desktop/bad_curve/IMG/left_2019_01_30_04_20_37_405.jpg,/root/Desktop/bad_curve/IMG/right_2019_01_30_04_20_37_405.jpg,0,0.1661847,0,10.0891
/root/Desktop/bad_curve/IMG/center_2019_01_30_04_20_37_476.jpg,/root/Desktop/bad_curve/IMG/left_2019_01_30_04_20_37_476.jpg,/root/Desktop/bad_curve/IMG/right_2019_01_30_04_20_37_476.jpg,0,0.3129094,0,10.20819
/root/Desktop/bad_curve/IMG/center_2019_01_30_04_20_37_543.jpg,/root/Desktop/bad_curve/IMG/left_2019_01_30_04_20_37_543.jpg,/root/Desktop/bad_curve/IMG/right_2019_01_30_04_20_37_543.jpg,0,0.3883109,0,10.43352
/root/Desktop/bad_curve/IMG/center_2019_01_30_04_20_37_610.jpg,/root/Desktop/bad_curve/IMG/left_2019_01_30_04_20_37_610.jpg,/root/Desktop/bad_curve/IMG/right_2019_01_30_04_20_37_610.jpg,0,0.2093067,0,10.58367
/root/Desktop/bad_curve/IMG/center_2019_01_30_04_20_37_678.jpg,/root/Desktop/bad_curve/IMG/left_2019_01_30_04_20_37_678.jpg,/root/Desktop/bad_curve/IMG/right_2019_01_30_04_20_37_678.jpg,0,0.289494,0,10.69324
/root/Desktop/bad_curve/IMG/center_2019_01_30_04_20_37_750.jpg,/root/Desktop/bad_curve/IMG/left_2019_01_30_04_20_37_750.jpg,/root/Desktop/bad_curve/IMG/right_2019_01_30_04_20_37_750.jpg,0,0.4631732,0,10.90784
/root/Desktop/bad_curve/IMG/center_2019_01_30_04_20_37_817.jpg,/root/Desktop/bad_curve/IMG/left_2019_01_30_04_20_37_817.jpg,/root/Desktop/bad_curve/IMG/right_2019_01_30_04_20_37_817.jpg,0,0.7052786,0,11.45407
/root/Desktop/bad_curve/IMG/center_2019_01_30_04_20_37_889.jpg,/root/Desktop/bad_curve/IMG/left_2019_01_30_04_20_37_889.jpg,/root/Desktop/bad_curve/IMG/right_2019_01_30_04_20_37_889.jpg,0,0.6513963,0,11.45879
/root/Desktop/bad_curve/IMG/center_2019_01_30_04_20_37_959.jpg,/root/Desktop/bad_curve/IMG/left_2019_01_30_04_20_37_959.jpg,/root/Desktop/bad_curve/IMG/right_2019_01_30_04_20_37_959.jpg,-0.15,0.6728976,0,12.13286
/root/Desktop/bad_curve/IMG/center_2019_01_30_04_20_38_028.jpg,/root/Desktop/bad_curve/IMG/left_2019_01_30_04_20_38_028.jpg,/root/Desktop/bad_curve/IMG/right_2019_01_30_04_20_38_028.jpg,-0.3,0.7650239,0,12.75409
/root/Desktop/bad_curve/IMG/center_2019_01_30_04_20_38_095.jpg,/root/Desktop/bad_curve/IMG/left_2019_01_30_04_20_38_095.jpg,/root/Desktop/bad_curve/IMG/right_2019_01_30_04_20_38_095.jpg,-0.5000001,0.5424685,0,13.29484
/root/Desktop/bad_curve/IMG/center_2019_01_30_04_20_38_163.jpg,/root/Desktop/bad_curve/IMG/left_2019_01_30_04_20_38_163.jpg,/root/Desktop/bad_curve/IMG/right_2019_01_30_04_20_38_163.jpg,-0.4515417,0.3597629,0,13.31212
/root/Desktop/bad_curve/IMG/center_2019_01_30_04_20_38_234.jpg,/root/Desktop/bad_curve/IMG/left_2019_01_30_04_20_38_234.jpg,/root/Desktop/bad_curve/IMG/right_2019_01_30_04_20_38_234.jpg,-0.2192037,0.127425,0,13.30336
/root/Desktop/bad_curve/IMG/center_2019_01_30_04_20_38_304.jpg,/root/Desktop/bad_curve/IMG/left_2019_01_30_04_20_38_304.jpg,/root/Desktop/bad_curve/IMG/right_2019_01_30_04_20_38_304.jpg,-0.02696943,0,0,13.75678
/root/Desktop/bad_curve/IMG/center_2019_01_30_04_20_38_374.jpg,/root/Desktop/bad_curve/IMG/left_2019_01_30_04_20_38_374.jpg,/root/Desktop/bad_curve/IMG/right_2019_01_30_04_20_38_374.jpg,-0.1,0.1514819,0,13.66878
/root/Desktop/bad_curve/IMG/center_2019_01_30_04_20_38_442.jpg,/root/Desktop/bad_curve/IMG/left_2019_01_30_04_20_38_442.jpg,/root/Desktop/bad_curve/IMG/right_2019_01_30_04_20_38_442.jpg,-0.25,0.1158421,0,13.17998
/root/Desktop/bad_curve/IMG/center_2019_01_30_04_20_38_509.jpg,/root/Desktop/bad_curve/IMG/left_2019_01_30_04_20_38_509.jpg,/root/Desktop/bad_curve/IMG/right_2019_01_30_04_20_38_509.jpg,-0.4,0,0,13.60489
/root/Desktop/bad_curve/IMG/center_2019_01_30_04_20_38_581.jpg,/root/Desktop/bad_curve/IMG/left_2019_01_30_04_20_38_581.jpg,/root/Desktop/bad_curve/IMG/right_2019_01_30_04_20_38_581.jpg,-0.2144087,0,0,13.50001
/root/Desktop/bad_curve/IMG/center_2019_01_30_04_20_38_648.jpg,/root/Desktop/bad_curve/IMG/left_2019_01_30_04_20_38_648.jpg,/root/Desktop/bad_curve/IMG/right_2019_01_30_04_20_38_648.jpg,-0.03211069,0.0333066,0,12.8772
/root/Desktop/bad_curve/IMG/center_2019_01_30_04_20_38_718.jpg,/root/Desktop/bad_curve/IMG/left_2019_01_30_04_20_38_718.jpg,/root/Desktop/bad_curve/IMG/right_2019_01_30_04_20_38_718.jpg,0,0.278208,0,12.91336
/root/Desktop/bad_curve/IMG/center_2019_01_30_04_20_38_785.jpg,/root/Desktop/bad_curve/IMG/left_2019_01_30_04_20_38_785.jpg,/root/Desktop/bad_curve/IMG/right_2019_01_30_04_20_38_785.jpg,0,0.4447052,0,13.55253
/root/Desktop/bad_curve/IMG/center_2019_01_30_04_20_38_856.jpg,/root/Desktop/bad_curve/IMG/left_2019_01_30_04_20_38_856.jpg,/root/Desktop/bad_curve/IMG/right_2019_01_30_04_20_38_856.jpg,0,0.6949596,0,13.85122
/root/Desktop/bad_curve/IMG/center_2019_01_30_04_20_38_926.jpg,/root/Desktop/bad_curve/IMG/left_2019_01_30_04_20_38_926.jpg,/root/Desktop/bad_curve/IMG/right_2019_01_30_04_20_38_926.jpg,-0.15,0.5419714,0,14.18967
/root/Desktop/bad_curve/IMG/center_2019_01_30_04_20_38_996.jpg,/root/Desktop/bad_curve/IMG/left_2019_01_30_04_20_38_996.jpg,/root/Desktop/bad_curve/IMG/right_2019_01_30_04_20_38_996.jpg,-0.2947497,0.3134286,0,14.28282
/root/Desktop/bad_curve/IMG/center_2019_01_30_04_20_39_067.jpg,/root/Desktop/bad_curve/IMG/left_2019_01_30_04_20_39_067.jpg,/root/Desktop/bad_curve/IMG/right_2019_01_30_04_20_39_067.jpg,-0.1175573,0.1362362,0,14.84983
/root/Desktop/bad_curve/IMG/center_2019_01_30_04_20_39_138.jpg,/root/Desktop/bad_curve/IMG/left_2019_01_30_04_20_39_138.jpg,/root/Desktop/bad_curve/IMG/right_2019_01_30_04_20_39_138.jpg,0,0,0,14.65326
/root/Desktop/bad_curve/IMG/center_2019_01_30_04_20_39_206.jpg,/root/Desktop/bad_curve/IMG/left_2019_01_30_04_20_39_206.jpg,/root/Desktop/bad_curve/IMG/right_2019_01_30_04_20_39_206.jpg,0,0.06919742,0,13.99546
/root/Desktop/bad_curve/IMG/center_2019_01_30_04_20_39_273.jpg,/root/Desktop/bad_curve/IMG/left_2019_01_30_04_20_39_273.jpg,/root/Desktop/bad_curve/IMG/right_2019_01_30_04_20_39_273.jpg,0,0.2871923,0,14.00337
/root/Desktop/bad_curve/IMG/center_2019_01_30_04_20_39_345.jpg,/root/Desktop/bad_curve/IMG/left_2019_01_30_04_20_39_345.jpg,/root/Desktop/bad_curve/IMG/right_2019_01_30_04_20_39_345.jpg,0,0.209163,0,14.60435
/root/Desktop/bad_curve/IMG/center_2019_01_30_04_20_39_416.jpg,/root/Desktop/bad_curve/IMG/left_2019_01_30_04_20_39_416.jpg,/root/Desktop/bad_curve/IMG/right_2019_01_30_04_20_39_416.jpg,-0.1024389,0,0,14.40261
/root/Desktop/bad_curve/IMG/center_2019_01_30_04_20_39_485.jpg,/root/Desktop/bad_curve/IMG/left_2019_01_30_04_20_39_485.jpg,/root/Desktop/bad_curve/IMG/right_2019_01_30_04_20_39_485.jpg,-0.1473106,0,0,13.9643
/root/Desktop/bad_curve/IMG/center_2019_01_30_04_20_39_556.jpg,/root/Desktop/bad_curve/IMG/left_2019_01_30_04_20_39_556.jpg,/root/Desktop/bad_curve/IMG/right_2019_01_30_04_20_39_556.jpg,-0.09766173,0,0,13.76536
/root/Desktop/bad_curve/IMG/center_2019_01_30_04_20_39_628.jpg,/root/Desktop/bad_curve/IMG/left_2019_01_30_04_20_39_628.jpg,/root/Desktop/bad_curve/IMG/right_2019_01_30_04_20_39_628.jpg,0,0,0,13.5533
/root/Desktop/bad_curve/IMG/center_2019_01_30_04_20_39_696.jpg,/root/Desktop/bad_curve/IMG/left_2019_01_30_04_20_39_696.jpg,/root/Desktop/bad_curve/IMG/right_2019_01_30_04_20_39_696.jpg,0,0,0,13.33723
/root/Desktop/bad_curve/IMG/center_2019_01_30_04_20_39_767.jpg,/root/Desktop/bad_curve/IMG/left_2019_01_30_04_20_39_767.jpg,/root/Desktop/bad_curve/IMG/right_2019_01_30_04_20_39_767.jpg,0,0.04253125,0,13.16135
/root/Desktop/bad_curve/IMG/center_2019_01_30_04_20_39_836.jpg,/root/Desktop/bad_curve/IMG/left_2019_01_30_04_20_39_836.jpg,/root/Desktop/bad_curve/IMG/right_2019_01_30_04_20_39_836.jpg,0,0.2851024,0,12.90018
/root/Desktop/bad_curve/IMG/center_2019_01_30_04_20_39_907.jpg,/root/Desktop/bad_curve/IMG/left_2019_01_30_04_20_39_907.jpg,/root/Desktop/bad_curve/IMG/right_2019_01_30_04_20_39_907.jpg,0,0.4635844,0,13.08615
/root/Desktop/bad_curve/IMG/center_2019_01_30_04_20_39_974.jpg,/root/Desktop/bad_curve/IMG/left_2019_01_30_04_20_39_974.jpg,/root/Desktop/bad_curve/IMG/right_2019_01_30_04_20_39_974.jpg,0,0.2613187,0,13.05731
/root/Desktop/bad_curve/IMG/center_2019_01_30_04_20_40_045.jpg,/root/Desktop/bad_curve/IMG/left_2019_01_30_04_20_40_045.jpg,/root/Desktop/bad_curve/IMG/right_2019_01_30_04_20_40_045.jpg,0,0.08392525,0,12.64663
/root/Desktop/bad_curve/IMG/center_2019_01_30_04_20_40_116.jpg,/root/Desktop/bad_curve/IMG/left_2019_01_30_04_20_40_116.jpg,/root/Desktop/bad_curve/IMG/right_2019_01_30_04_20_40_116.jpg,0,0,0,12.39015
/root/Desktop/bad_curve/IMG/center_2019_01_30_04_20_40_184.jpg,/root/Desktop/bad_curve/IMG/left_2019_01_30_04_20_40_184.jpg,/root/Desktop/bad_curve/IMG/right_2019_01_30_04_20_40_184.jpg,0,0.1719754,0,12.49811
/root/Desktop/bad_curve/IMG/center_2019_01_30_04_20_40_254.jpg,/root/Desktop/bad_curve/IMG/left_2019_01_30_04_20_40_254.jpg,/root/Desktop/bad_curve/IMG/right_2019_01_30_04_20_40_254.jpg,0,0.4000862,0,12.45498
/root/Desktop/bad_curve/IMG/center_2019_01_30_04_20_40_321.jpg,/root/Desktop/bad_curve/IMG/left_2019_01_30_04_20_40_321.jpg,/root/Desktop/bad_curve/IMG/right_2019_01_30_04_20_40_321.jpg,0,0.5847516,0,12.03652
/root/Desktop/bad_curve/IMG/center_2019_01_30_04_20_40_391.jpg,/root/Desktop/bad_curve/IMG/left_2019_01_30_04_20_40_391.jpg,/root/Desktop/bad_curve/IMG/right_2019_01_30_04_20_40_391.jpg,0.05,0.7578664,0,12.33433
/root/Desktop/bad_curve/IMG/center_2019_01_30_04_20_40_463.jpg,/root/Desktop/bad_curve/IMG/left_2019_01_30_04_20_40_463.jpg,/root/Desktop/bad_curve/IMG/right_2019_01_30_04_20_40_463.jpg,0.25,1,0,12.79137
/root/Desktop/bad_curve/IMG/center_2019_01_30_04_20_40_535.jpg,/root/Desktop/bad_curve/IMG/left_2019_01_30_04_20_40_535.jpg,/root/Desktop/bad_curve/IMG/right_2019_01_30_04_20_40_535.jpg,0.1051655,0.7660449,0,13.34699
/root/Desktop/bad_curve/IMG/center_2019_01_30_04_20_40_603.jpg,/root/Desktop/bad_curve/IMG/left_2019_01_30_04_20_40_603.jpg,/root/Desktop/bad_curve/IMG/right_2019_01_30_04_20_40_603.jpg,0.2551655,0.7580225,0,13.51768
/root/Desktop/bad_curve/IMG/center_2019_01_30_04_20_40_675.jpg,/root/Desktop/bad_curve/IMG/left_2019_01_30_04_20_40_675.jpg,/root/Desktop/bad_curve/IMG/right_2019_01_30_04_20_40_675.jpg,0.4551655,0.9167371,0,13.77248
/root/Desktop/bad_curve/IMG/center_2019_01_30_04_20_40_744.jpg,/root/Desktop/bad_curve/IMG/left_2019_01_30_04_20_40_744.jpg,/root/Desktop/bad_curve/IMG/right_2019_01_30_04_20_40_744.jpg,0.4941008,0.7425094,0,14.1493
/root/Desktop/bad_curve/IMG/center_2019_01_30_04_20_40_811.jpg,/root/Desktop/bad_curve/IMG/left_2019_01_30_04_20_40_811.jpg,/root/Desktop/bad_curve/IMG/right_2019_01_30_04_20_40_811.jpg,0.4117885,0.6788759,0,14.1042
/root/Desktop/bad_curve/IMG/center_2019_01_30_04_20_40_886.jpg,/root/Desktop/bad_curve/IMG/left_2019_01_30_04_20_40_886.jpg,/root/Desktop/bad_curve/IMG/right_2019_01_30_04_20_40_886.jpg,0.5987856,0.8471942,0,14.50919
/root/Desktop/bad_curve/IMG/center_2019_01_30_04_20_40_954.jpg,/root/Desktop/bad_curve/IMG/left_2019_01_30_04_20_40_954.jpg,/root/Desktop/bad_curve/IMG/right_2019_01_30_04_20_40_954.jpg,0.4657496,0.6791642,0,14.74387
/root/Desktop/bad_curve/IMG/center_2019_01_30_04_20_41_024.jpg,/root/Desktop/bad_curve/IMG/left_2019_01_30_04_20_41_024.jpg,/root/Desktop/bad_curve/IMG/right_2019_01_30_04_20_41_024.jpg,0.6157496,0.8538661,0,14.9654
/root/Desktop/bad_curve/IMG/center_2019_01_30_04_20_41_094.jpg,/root/Desktop/bad_curve/IMG/left_2019_01_30_04_20_41_094.jpg,/root/Desktop/bad_curve/IMG/right_2019_01_30_04_20_41_094.jpg,0.8157496,1,0,15.31238
/root/Desktop/bad_curve/IMG/center_2019_01_30_04_20_41_165.jpg,/root/Desktop/bad_curve/IMG/left_2019_01_30_04_20_41_165.jpg,/root/Desktop/bad_curve/IMG/right_2019_01_30_04_20_41_165.jpg,0.7562885,1,0,15.70925
/root/Desktop/bad_curve/IMG/center_2019_01_30_04_20_41_235.jpg,/root/Desktop/bad_curve/IMG/left_2019_01_30_04_20_41_235.jpg,/root/Desktop/bad_curve/IMG/right_2019_01_30_04_20_41_235.jpg,0.73094,1,0,16.04673
/root/Desktop/bad_curve/IMG/center_2019_01_30_04_20_41_308.jpg,/root/Desktop/bad_curve/IMG/left_2019_01_30_04_20_41_308.jpg,/root/Desktop/bad_curve/IMG/right_2019_01_30_04_20_41_308.jpg,0.7276089,0.9235899,0,16.32253
/root/Desktop/bad_curve/IMG/center_2019_01_30_04_20_41_375.jpg,/root/Desktop/bad_curve/IMG/left_2019_01_30_04_20_41_375.jpg,/root/Desktop/bad_curve/IMG/right_2019_01_30_04_20_41_375.jpg,0.4800489,0.6760299,0,16.64681
/root/Desktop/bad_curve/IMG/center_2019_01_30_04_20_41_444.jpg,/root/Desktop/bad_curve/IMG/left_2019_01_30_04_20_41_444.jpg,/root/Desktop/bad_curve/IMG/right_2019_01_30_04_20_41_444.jpg,0.2995899,0.4955709,0,16.59477
/root/Desktop/bad_curve/IMG/center_2019_01_30_04_20_41_518.jpg,/root/Desktop/bad_curve/IMG/left_2019_01_30_04_20_41_518.jpg,/root/Desktop/bad_curve/IMG/right_2019_01_30_04_20_41_518.jpg,0.05290318,0.2488842,0,16.39838
/root/Desktop/bad_curve/IMG/center_2019_01_30_04_20_41_585.jpg,/root/Desktop/bad_curve/IMG/left_2019_01_30_04_20_41_585.jpg,/root/Desktop/bad_curve/IMG/right_2019_01_30_04_20_41_585.jpg,0,0.07219315,0,16.24204
/root/Desktop/bad_curve/IMG/center_2019_01_30_04_20_41_661.jpg,/root/Desktop/bad_curve/IMG/left_2019_01_30_04_20_41_661.jpg,/root/Desktop/bad_curve/IMG/right_2019_01_30_04_20_41_661.jpg,0,0,0,15.64519
/root/Desktop/bad_curve/IMG/center_2019_01_30_04_20_41_730.jpg,/root/Desktop/bad_curve/IMG/left_2019_01_30_04_20_41_730.jpg,/root/Desktop/bad_curve/IMG/right_2019_01_30_04_20_41_730.jpg,0,0.09296679,0,15.27922
/root/Desktop/bad_curve/IMG/center_2019_01_30_04_20_41_801.jpg,/root/Desktop/bad_curve/IMG/left_2019_01_30_04_20_41_801.jpg,/root/Desktop/bad_curve/IMG/right_2019_01_30_04_20_41_801.jpg,0,0.3338184,0,15.03555
/root/Desktop/bad_curve/IMG/center_2019_01_30_04_20_41_880.jpg,/root/Desktop/bad_curve/IMG/left_2019_01_30_04_20_41_880.jpg,/root/Desktop/bad_curve/IMG/right_2019_01_30_04_20_41_880.jpg,0,0.1217458,0,14.72164
/root/Desktop/bad_curve/IMG/center_2019_01_30_04_20_41_955.jpg,/root/Desktop/bad_curve/IMG/left_2019_01_30_04_20_41_955.jpg,/root/Desktop/bad_curve/IMG/right_2019_01_30_04_20_41_955.jpg,0,0.2932327,0,14.22407
/root/Desktop/bad_curve/IMG/center_2019_01_30_04_20_42_021.jpg,/root/Desktop/bad_curve/IMG/left_2019_01_30_04_20_42_021.jpg,/root/Desktop/bad_curve/IMG/right_2019_01_30_04_20_42_021.jpg,0,0.4669747,0,14.23991
/root/Desktop/bad_curve/IMG/center_2019_01_30_04_20_42_093.jpg,/root/Desktop/bad_curve/IMG/left_2019_01_30_04_20_42_093.jpg,/root/Desktop/bad_curve/IMG/right_2019_01_30_04_20_42_093.jpg,0,0.2808301,0,14.02123
/root/Desktop/bad_curve/IMG/center_2019_01_30_04_20_42_161.jpg,/root/Desktop/bad_curve/IMG/left_2019_01_30_04_20_42_161.jpg,/root/Desktop/bad_curve/IMG/right_2019_01_30_04_20_42_161.jpg,0,0.09633923,0,13.97036
/root/Desktop/bad_curve/IMG/center_2019_01_30_04_20_42_234.jpg,/root/Desktop/bad_curve/IMG/left_2019_01_30_04_20_42_234.jpg,/root/Desktop/bad_curve/IMG/right_2019_01_30_04_20_42_234.jpg,0,0.1107366,0,13.615
/root/Desktop/bad_curve/IMG/center_2019_01_30_04_20_42_303.jpg,/root/Desktop/bad_curve/IMG/left_2019_01_30_04_20_42_303.jpg,/root/Desktop/bad_curve/IMG/right_2019_01_30_04_20_42_303.jpg,0,0.1722572,0,13.11996
/root/Desktop/bad_curve/IMG/center_2019_01_30_04_20_42_377.jpg,/root/Desktop/bad_curve/IMG/left_2019_01_30_04_20_42_377.jpg,/root/Desktop/bad_curve/IMG/right_2019_01_30_04_20_42_377.jpg,0,0,0,12.91328
/root/Desktop/bad_curve/IMG/center_2019_01_30_04_20_42_446.jpg,/root/Desktop/bad_curve/IMG/left_2019_01_30_04_20_42_446.jpg,/root/Desktop/bad_curve/IMG/right_2019_01_30_04_20_42_446.jpg,0.1,0,0,12.25432
/root/Desktop/bad_curve/IMG/center_2019_01_30_04_20_42_519.jpg,/root/Desktop/bad_curve/IMG/left_2019_01_30_04_20_42_519.jpg,/root/Desktop/bad_curve/IMG/right_2019_01_30_04_20_42_519.jpg,0.1850588,0,0,11.74053
/root/Desktop/bad_curve/IMG/center_2019_01_30_04_20_42_591.jpg,/root/Desktop/bad_curve/IMG/left_2019_01_30_04_20_42_591.jpg,/root/Desktop/bad_curve/IMG/right_2019_01_30_04_20_42_591.jpg,0.0197196,0,0,11.81102
/root/Desktop/bad_curve/IMG/center_2019_01_30_04_20_42_666.jpg,/root/Desktop/bad_curve/IMG/left_2019_01_30_04_20_42_666.jpg,/root/Desktop/bad_curve/IMG/right_2019_01_30_04_20_42_666.jpg,0,0,0,11.34239
/root/Desktop/bad_curve/IMG/center_2019_01_30_04_20_42_739.jpg,/root/Desktop/bad_curve/IMG/left_2019_01_30_04_20_42_739.jpg,/root/Desktop/bad_curve/IMG/right_2019_01_30_04_20_42_739.jpg,0,0,0,10.81604
/root/Desktop/bad_curve/IMG/center_2019_01_30_04_20_42_807.jpg,/root/Desktop/bad_curve/IMG/left_2019_01_30_04_20_42_807.jpg,/root/Desktop/bad_curve/IMG/right_2019_01_30_04_20_42_807.jpg,0,0,0,10.51891
/root/Desktop/bad_curve/IMG/center_2019_01_30_04_20_42_875.jpg,/root/Desktop/bad_curve/IMG/left_2019_01_30_04_20_42_875.jpg,/root/Desktop/bad_curve/IMG/right_2019_01_30_04_20_42_875.jpg,0.2,0,0,10.11899
/root/Desktop/bad_curve/IMG/center_2019_01_30_04_20_42_950.jpg,/root/Desktop/bad_curve/IMG/left_2019_01_30_04_20_42_950.jpg,/root/Desktop/bad_curve/IMG/right_2019_01_30_04_20_42_950.jpg,0.1773569,0,0,9.828906
/root/Desktop/bad_curve/IMG/center_2019_01_30_04_20_43_017.jpg,/root/Desktop/bad_curve/IMG/left_2019_01_30_04_20_43_017.jpg,/root/Desktop/bad_curve/IMG/right_2019_01_30_04_20_43_017.jpg,0,0,0,9.461435
/root/Desktop/bad_curve/IMG/center_2019_01_30_04_20_43_091.jpg,/root/Desktop/bad_curve/IMG/left_2019_01_30_04_20_43_091.jpg,/root/Desktop/bad_curve/IMG/right_2019_01_30_04_20_43_091.jpg,0,0,0,9.187905
/root/Desktop/bad_curve/IMG/center_2019_01_30_04_20_43_165.jpg,/root/Desktop/bad_curve/IMG/left_2019_01_30_04_20_43_165.jpg,/root/Desktop/bad_curve/IMG/right_2019_01_30_04_20_43_165.jpg,0,0,0,8.826741
/root/Desktop/bad_curve/IMG/center_2019_01_30_04_20_43_235.jpg,/root/Desktop/bad_curve/IMG/left_2019_01_30_04_20_43_235.jpg,/root/Desktop/bad_curve/IMG/right_2019_01_30_04_20_43_235.jpg,0.15,0,0,8.47658
/root/Desktop/bad_curve/IMG/center_2019_01_30_04_20_43_303.jpg,/root/Desktop/bad_curve/IMG/left_2019_01_30_04_20_43_303.jpg,/root/Desktop/bad_curve/IMG/right_2019_01_30_04_20_43_303.jpg,0.1969807,0,0,8.213547
/root/Desktop/bad_curve/IMG/center_2019_01_30_04_20_43_373.jpg,/root/Desktop/bad_curve/IMG/left_2019_01_30_04_20_43_373.jpg,/root/Desktop/bad_curve/IMG/right_2019_01_30_04_20_43_373.jpg,0.1735247,0,0,7.912161
/root/Desktop/bad_curve/IMG/center_2019_01_30_04_20_43_440.jpg,/root/Desktop/bad_curve/IMG/left_2019_01_30_04_20_43_440.jpg,/root/Desktop/bad_curve/IMG/right_2019_01_30_04_20_43_440.jpg,0.3235247,0,0,7.672973
/root/Desktop/bad_curve/IMG/center_2019_01_30_04_20_43_510.jpg,/root/Desktop/bad_curve/IMG/left_2019_01_30_04_20_43_510.jpg,/root/Desktop/bad_curve/IMG/right_2019_01_30_04_20_43_510.jpg,0.176533,0,0,7.469012
/root/Desktop/bad_curve/IMG/center_2019_01_30_04_20_43_579.jpg,/root/Desktop/bad_curve/IMG/left_2019_01_30_04_20_43_579.jpg,/root/Desktop/bad_curve/IMG/right_2019_01_30_04_20_43_579.jpg,0.2491208,0,0,7.195235
/root/Desktop/bad_curve/IMG/center_2019_01_30_04_20_43_651.jpg,/root/Desktop/bad_curve/IMG/left_2019_01_30_04_20_43_651.jpg,/root/Desktop/bad_curve/IMG/right_2019_01_30_04_20_43_651.jpg,0.3991209,0,0,6.972383
/root/Desktop/bad_curve/IMG/center_2019_01_30_04_20_43_722.jpg,/root/Desktop/bad_curve/IMG/left_2019_01_30_04_20_43_722.jpg,/root/Desktop/bad_curve/IMG/right_2019_01_30_04_20_43_722.jpg,0.5991209,0,0,6.656201
/root/Desktop/bad_curve/IMG/center_2019_01_30_04_20_43_793.jpg,/root/Desktop/bad_curve/IMG/left_2019_01_30_04_20_43_793.jpg,/root/Desktop/bad_curve/IMG/right_2019_01_30_04_20_43_793.jpg,0.799121,0,0,6.326363
/root/Desktop/bad_curve/IMG/center_2019_01_30_04_20_43_861.jpg,/root/Desktop/bad_curve/IMG/left_2019_01_30_04_20_43_861.jpg,/root/Desktop/bad_curve/IMG/right_2019_01_30_04_20_43_861.jpg,0.949121,0,0,6.071407
/root/Desktop/bad_curve/IMG/center_2019_01_30_04_20_43_933.jpg,/root/Desktop/bad_curve/IMG/left_2019_01_30_04_20_43_933.jpg,/root/Desktop/bad_curve/IMG/right_2019_01_30_04_20_43_933.jpg,1,0,0,5.767178
/root/Desktop/bad_curve/IMG/center_2019_01_30_04_20_44_003.jpg,/root/Desktop/bad_curve/IMG/left_2019_01_30_04_20_44_003.jpg,/root/Desktop/bad_curve/IMG/right_2019_01_30_04_20_44_003.jpg,0.8408742,0,0,5.604145
/root/Desktop/bad_curve/IMG/center_2019_01_30_04_20_44_076.jpg,/root/Desktop/bad_curve/IMG/left_2019_01_30_04_20_44_076.jpg,/root/Desktop/bad_curve/IMG/right_2019_01_30_04_20_44_076.jpg,0.599539,0,0,5.407056
/root/Desktop/bad_curve/IMG/center_2019_01_30_04_20_44_147.jpg,/root/Desktop/bad_curve/IMG/left_2019_01_30_04_20_44_147.jpg,/root/Desktop/bad_curve/IMG/right_2019_01_30_04_20_44_147.jpg,0.6488868,0,0,5.250251
/root/Desktop/bad_curve/IMG/center_2019_01_30_04_20_44_219.jpg,/root/Desktop/bad_curve/IMG/left_2019_01_30_04_20_44_219.jpg,/root/Desktop/bad_curve/IMG/right_2019_01_30_04_20_44_219.jpg,0.8488868,0,0,5.009708
/root/Desktop/bad_curve/IMG/center_2019_01_30_04_20_44_287.jpg,/root/Desktop/bad_curve/IMG/left_2019_01_30_04_20_44_287.jpg,/root/Desktop/bad_curve/IMG/right_2019_01_30_04_20_44_287.jpg,0.7617991,0,0,4.862031
/root/Desktop/bad_curve/IMG/center_2019_01_30_04_20_44_363.jpg,/root/Desktop/bad_curve/IMG/left_2019_01_30_04_20_44_363.jpg,/root/Desktop/bad_curve/IMG/right_2019_01_30_04_20_44_363.jpg,0.4973104,0,0,4.696054
/root/Desktop/bad_curve/IMG/center_2019_01_30_04_20_44_431.jpg,/root/Desktop/bad_curve/IMG/left_2019_01_30_04_20_44_431.jpg,/root/Desktop/bad_curve/IMG/right_2019_01_30_04_20_44_431.jpg,0.3414183,0.07688427,0,4.602657
/root/Desktop/bad_curve/IMG/center_2019_01_30_04_20_44_498.jpg,/root/Desktop/bad_curve/IMG/left_2019_01_30_04_20_44_498.jpg,/root/Desktop/bad_curve/IMG/right_2019_01_30_04_20_44_498.jpg,0.08998799,0.3283145,0,4.664084
/root/Desktop/bad_curve/IMG/center_2019_01_30_04_20_44_571.jpg,/root/Desktop/bad_curve/IMG/left_2019_01_30_04_20_44_571.jpg,/root/Desktop/bad_curve/IMG/right_2019_01_30_04_20_44_571.jpg,0,0.2728443,0,4.77698
/root/Desktop/bad_curve/IMG/center_2019_01_30_04_20_44_638.jpg,/root/Desktop/bad_curve/IMG/left_2019_01_30_04_20_44_638.jpg,/root/Desktop/bad_curve/IMG/right_2019_01_30_04_20_44_638.jpg,0.1,0.02094913,0,4.72436
/root/Desktop/bad_curve/IMG/center_2019_01_30_04_20_44_708.jpg,/root/Desktop/bad_curve/IMG/left_2019_01_30_04_20_44_708.jpg,/root/Desktop/bad_curve/IMG/right_2019_01_30_04_20_44_708.jpg,0.1796787,0,0,4.590177
/root/Desktop/bad_curve/IMG/center_2019_01_30_04_20_44_779.jpg,/root/Desktop/bad_curve/IMG/left_2019_01_30_04_20_44_779.jpg,/root/Desktop/bad_curve/IMG/right_2019_01_30_04_20_44_779.jpg,0,0,0,4.418926
/root/Desktop/bad_curve/IMG/center_2019_01_30_04_20_44_851.jpg,/root/Desktop/bad_curve/IMG/left_2019_01_30_04_20_44_851.jpg,/root/Desktop/bad_curve/IMG/right_2019_01_30_04_20_44_851.jpg,0.15,0.1630204,0,4.360483
/root/Desktop/bad_curve/IMG/center_2019_01_30_04_20_44_922.jpg,/root/Desktop/bad_curve/IMG/left_2019_01_30_04_20_44_922.jpg,/root/Desktop/bad_curve/IMG/right_2019_01_30_04_20_44_922.jpg,0.1415076,0.4038391,0,4.492159
/root/Desktop/bad_curve/IMG/center_2019_01_30_04_20_44_991.jpg,/root/Desktop/bad_curve/IMG/left_2019_01_30_04_20_44_991.jpg,/root/Desktop/bad_curve/IMG/right_2019_01_30_04_20_44_991.jpg,0.1654788,0.2195878,0,4.568551
/root/Desktop/bad_curve/IMG/center_2019_01_30_04_20_45_064.jpg,/root/Desktop/bad_curve/IMG/left_2019_01_30_04_20_45_064.jpg,/root/Desktop/bad_curve/IMG/right_2019_01_30_04_20_45_064.jpg,0.3654788,0.3627398,0,4.646767
/root/Desktop/bad_curve/IMG/center_2019_01_30_04_20_45_137.jpg,/root/Desktop/bad_curve/IMG/left_2019_01_30_04_20_45_137.jpg,/root/Desktop/bad_curve/IMG/right_2019_01_30_04_20_45_137.jpg,0.2682274,0.4280763,0,4.912413
/root/Desktop/bad_curve/IMG/center_2019_01_30_04_20_45_207.jpg,/root/Desktop/bad_curve/IMG/left_2019_01_30_04_20_45_207.jpg,/root/Desktop/bad_curve/IMG/right_2019_01_30_04_20_45_207.jpg,0.4182274,0.4502556,0,5.060583
/root/Desktop/bad_curve/IMG/center_2019_01_30_04_20_45_281.jpg,/root/Desktop/bad_curve/IMG/left_2019_01_30_04_20_45_281.jpg,/root/Desktop/bad_curve/IMG/right_2019_01_30_04_20_45_281.jpg,0.6182275,0.4571614,0,5.352981
/root/Desktop/bad_curve/IMG/center_2019_01_30_04_20_45_357.jpg,/root/Desktop/bad_curve/IMG/left_2019_01_30_04_20_45_357.jpg,/root/Desktop/bad_curve/IMG/right_2019_01_30_04_20_45_357.jpg,0.7019299,0.4384325,0,5.538424
/root/Desktop/bad_curve/IMG/center_2019_01_30_04_20_45_430.jpg,/root/Desktop/bad_curve/IMG/left_2019_01_30_04_20_45_430.jpg,/root/Desktop/bad_curve/IMG/right_2019_01_30_04_20_45_430.jpg,0.8519299,0.6178472,0,5.787362
/root/Desktop/bad_curve/IMG/center_2019_01_30_04_20_45_501.jpg,/root/Desktop/bad_curve/IMG/left_2019_01_30_04_20_45_501.jpg,/root/Desktop/bad_curve/IMG/right_2019_01_30_04_20_45_501.jpg,0.9191074,0.4972386,0,6.175797
/root/Desktop/bad_curve/IMG/center_2019_01_30_04_20_45_570.jpg,/root/Desktop/bad_curve/IMG/left_2019_01_30_04_20_45_570.jpg,/root/Desktop/bad_curve/IMG/right_2019_01_30_04_20_45_570.jpg,0.9816259,0.3767738,0,6.36637
/root/Desktop/bad_curve/IMG/center_2019_01_30_04_20_45_646.jpg,/root/Desktop/bad_curve/IMG/left_2019_01_30_04_20_45_646.jpg,/root/Desktop/bad_curve/IMG/right_2019_01_30_04_20_45_646.jpg,1,0.6042008,0,6.68815
/root/Desktop/bad_curve/IMG/center_2019_01_30_04_20_45_717.jpg,/root/Desktop/bad_curve/IMG/left_2019_01_30_04_20_45_717.jpg,/root/Desktop/bad_curve/IMG/right_2019_01_30_04_20_45_717.jpg,0.8189981,0.4825752,0,7.114909
/root/Desktop/bad_curve/IMG/center_2019_01_30_04_20_45_789.jpg,/root/Desktop/bad_curve/IMG/left_2019_01_30_04_20_45_789.jpg,/root/Desktop/bad_curve/IMG/right_2019_01_30_04_20_45_789.jpg,0.9689981,0.5236423,0,7.323976
/root/Desktop/bad_curve/IMG/center_2019_01_30_04_20_45_860.jpg,/root/Desktop/bad_curve/IMG/left_2019_01_30_04_20_45_860.jpg,/root/Desktop/bad_curve/IMG/right_2019_01_30_04_20_45_860.jpg,1,0.6446292,0,7.746184
/root/Desktop/bad_curve/IMG/center_2019_01_30_04_20_45_933.jpg,/root/Desktop/bad_curve/IMG/left_2019_01_30_04_20_45_933.jpg,/root/Desktop/bad_curve/IMG/right_2019_01_30_04_20_45_933.jpg,0.8370132,0.4249542,0,8.09621
/root/Desktop/bad_curve/IMG/center_2019_01_30_04_20_46_003.jpg,/root/Desktop/bad_curve/IMG/left_2019_01_30_04_20_46_003.jpg,/root/Desktop/bad_curve/IMG/right_2019_01_30_04_20_46_003.jpg,0.6589031,0.2468441,0,8.241636
/root/Desktop/bad_curve/IMG/center_2019_01_30_04_20_46_080.jpg,/root/Desktop/bad_curve/IMG/left_2019_01_30_04_20_46_080.jpg,/root/Desktop/bad_curve/IMG/right_2019_01_30_04_20_46_080.jpg,0.3953922,0,0,8.223387
/root/Desktop/bad_curve/IMG/center_2019_01_30_04_20_46_154.jpg,/root/Desktop/bad_curve/IMG/left_2019_01_30_04_20_46_154.jpg,/root/Desktop/bad_curve/IMG/right_2019_01_30_04_20_46_154.jpg,0.1721594,0.2232327,0,8.158463
/root/Desktop/bad_curve/IMG/center_2019_01_30_04_20_46_229.jpg,/root/Desktop/bad_curve/IMG/left_2019_01_30_04_20_46_229.jpg,/root/Desktop/bad_curve/IMG/right_2019_01_30_04_20_46_229.jpg,0,0.3410404,0,8.211139
/root/Desktop/bad_curve/IMG/center_2019_01_30_04_20_46_301.jpg,/root/Desktop/bad_curve/IMG/left_2019_01_30_04_20_46_301.jpg,/root/Desktop/bad_curve/IMG/right_2019_01_30_04_20_46_301.jpg,0.05,0.09538221,0,8.200263
/root/Desktop/bad_curve/IMG/center_2019_01_30_04_20_46_375.jpg,/root/Desktop/bad_curve/IMG/left_2019_01_30_04_20_46_375.jpg,/root/Desktop/bad_curve/IMG/right_2019_01_30_04_20_46_375.jpg,0.25,0,0,8.000259
/root/Desktop/bad_curve/IMG/center_2019_01_30_04_20_46_445.jpg,/root/Desktop/bad_curve/IMG/left_2019_01_30_04_20_46_445.jpg,/root/Desktop/bad_curve/IMG/right_2019_01_30_04_20_46_445.jpg,0.4,0.1784821,0,7.901701
/root/Desktop/bad_curve/IMG/center_2019_01_30_04_20_46_518.jpg,/root/Desktop/bad_curve/IMG/left_2019_01_30_04_20_46_518.jpg,/root/Desktop/bad_curve/IMG/right_2019_01_30_04_20_46_518.jpg,0.6000001,0.1187067,0,7.844475
/root/Desktop/bad_curve/IMG/center_2019_01_30_04_20_46_587.jpg,/root/Desktop/bad_curve/IMG/left_2019_01_30_04_20_46_587.jpg,/root/Desktop/bad_curve/IMG/right_2019_01_30_04_20_46_587.jpg,0.5119922,0,0,7.70516
/root/Desktop/bad_curve/IMG/center_2019_01_30_04_20_46_657.jpg,/root/Desktop/bad_curve/IMG/left_2019_01_30_04_20_46_657.jpg,/root/Desktop/bad_curve/IMG/right_2019_01_30_04_20_46_657.jpg,0.4935609,0,0,7.516047
/root/Desktop/bad_curve/IMG/center_2019_01_30_04_20_46_725.jpg,/root/Desktop/bad_curve/IMG/left_2019_01_30_04_20_46_725.jpg,/root/Desktop/bad_curve/IMG/right_2019_01_30_04_20_46_725.jpg,0.4576378,0,0,7.369505
/root/Desktop/bad_curve/IMG/center_2019_01_30_04_20_46_801.jpg,/root/Desktop/bad_curve/IMG/left_2019_01_30_04_20_46_801.jpg,/root/Desktop/bad_curve/IMG/right_2019_01_30_04_20_46_801.jpg,0.4306177,0,0,7.195863
/root/Desktop/bad_curve/IMG/center_2019_01_30_04_20_46_872.jpg,/root/Desktop/bad_curve/IMG/left_2019_01_30_04_20_46_872.jpg,/root/Desktop/bad_curve/IMG/right_2019_01_30_04_20_46_872.jpg,0.6306177,0,0,6.99097
/root/Desktop/bad_curve/IMG/center_2019_01_30_04_20_46_946.jpg,/root/Desktop/bad_curve/IMG/left_2019_01_30_04_20_46_946.jpg,/root/Desktop/bad_curve/IMG/right_2019_01_30_04_20_46_946.jpg,0.7806178,0,0,6.760567
/root/Desktop/bad_curve/IMG/center_2019_01_30_04_20_47_017.jpg,/root/Desktop/bad_curve/IMG/left_2019_01_30_04_20_47_017.jpg,/root/Desktop/bad_curve/IMG/right_2019_01_30_04_20_47_017.jpg,0.9806178,0,0,6.455101
/root/Desktop/bad_curve/IMG/center_2019_01_30_04_20_47_088.jpg,/root/Desktop/bad_curve/IMG/left_2019_01_30_04_20_47_088.jpg,/root/Desktop/bad_curve/IMG/right_2019_01_30_04_20_47_088.jpg,1,0,0,6.196732
/root/Desktop/bad_curve/IMG/center_2019_01_30_04_20_47_163.jpg,/root/Desktop/bad_curve/IMG/left_2019_01_30_04_20_47_163.jpg,/root/Desktop/bad_curve/IMG/right_2019_01_30_04_20_47_163.jpg,0.8057315,0,0,5.917315
/root/Desktop/bad_curve/IMG/center_2019_01_30_04_20_47_230.jpg,/root/Desktop/bad_curve/IMG/left_2019_01_30_04_20_47_230.jpg,/root/Desktop/bad_curve/IMG/right_2019_01_30_04_20_47_230.jpg,0.6031747,0,0,5.725572
/root/Desktop/bad_curve/IMG/center_2019_01_30_04_20_47_301.jpg,/root/Desktop/bad_curve/IMG/left_2019_01_30_04_20_47_301.jpg,/root/Desktop/bad_curve/IMG/right_2019_01_30_04_20_47_301.jpg,0.8031747,0.08717394,0,5.460765
/root/Desktop/bad_curve/IMG/center_2019_01_30_04_20_47_376.jpg,/root/Desktop/bad_curve/IMG/left_2019_01_30_04_20_47_376.jpg,/root/Desktop/bad_curve/IMG/right_2019_01_30_04_20_47_376.jpg,1,0.3134251,0,5.345535
/root/Desktop/bad_curve/IMG/center_2019_01_30_04_20_47_451.jpg,/root/Desktop/bad_curve/IMG/left_2019_01_30_04_20_47_451.jpg,/root/Desktop/bad_curve/IMG/right_2019_01_30_04_20_47_451.jpg,1,0.5056143,0,5.425962
/root/Desktop/bad_curve/IMG/center_2019_01_30_04_20_47_524.jpg,/root/Desktop/bad_curve/IMG/left_2019_01_30_04_20_47_524.jpg,/root/Desktop/bad_curve/IMG/right_2019_01_30_04_20_47_524.jpg,0.9703326,0.6691797,0,5.733828
/root/Desktop/bad_curve/IMG/center_2019_01_30_04_20_47_599.jpg,/root/Desktop/bad_curve/IMG/left_2019_01_30_04_20_47_599.jpg,/root/Desktop/bad_curve/IMG/right_2019_01_30_04_20_47_599.jpg,0.7177029,0.4165499,0,5.984985
/root/Desktop/bad_curve/IMG/center_2019_01_30_04_20_47_670.jpg,/root/Desktop/bad_curve/IMG/left_2019_01_30_04_20_47_670.jpg,/root/Desktop/bad_curve/IMG/right_2019_01_30_04_20_47_670.jpg,0.5341146,0.2329617,0,6.018641
/root/Desktop/bad_curve/IMG/center_2019_01_30_04_20_47_745.jpg,/root/Desktop/bad_curve/IMG/left_2019_01_30_04_20_47_745.jpg,/root/Desktop/bad_curve/IMG/right_2019_01_30_04_20_47_745.jpg,0.3074379,0.006284952,0,5.863417
/root/Desktop/bad_curve/IMG/center_2019_01_30_04_20_47_820.jpg,/root/Desktop/bad_curve/IMG/left_2019_01_30_04_20_47_820.jpg,/root/Desktop/bad_curve/IMG/right_2019_01_30_04_20_47_820.jpg,0.05262089,0.261102,0,5.751307
/root/Desktop/bad_curve/IMG/center_2019_01_30_04_20_47_888.jpg,/root/Desktop/bad_curve/IMG/left_2019_01_30_04_20_47_888.jpg,/root/Desktop/bad_curve/IMG/right_2019_01_30_04_20_47_888.jpg,0,0.3585863,0,5.806042
/root/Desktop/bad_curve/IMG/center_2019_01_30_04_20_47_964.jpg,/root/Desktop/bad_curve/IMG/left_2019_01_30_04_20_47_964.jpg,/root/Desktop/bad_curve/IMG/right_2019_01_30_04_20_47_964.jpg,0.2,0.09843564,0,5.711375
/root/Desktop/bad_curve/IMG/center_2019_01_30_04_20_48_038.jpg,/root/Desktop/bad_curve/IMG/left_2019_01_30_04_20_48_038.jpg,/root/Desktop/bad_curve/IMG/right_2019_01_30_04_20_48_038.jpg,0.2986643,0,0,5.364907
/root/Desktop/bad_curve/IMG/center_2019_01_30_04_20_48_116.jpg,/root/Desktop/bad_curve/IMG/left_2019_01_30_04_20_48_116.jpg,/root/Desktop/bad_curve/IMG/right_2019_01_30_04_20_48_116.jpg,0.06594229,0,0,4.997609
/root/Desktop/bad_curve/IMG/center_2019_01_30_04_20_48_185.jpg,/root/Desktop/bad_curve/IMG/left_2019_01_30_04_20_48_185.jpg,/root/Desktop/bad_curve/IMG/right_2019_01_30_04_20_48_185.jpg,0,0,0,4.721255
/root/Desktop/bad_curve/IMG/center_2019_01_30_04_20_48_259.jpg,/root/Desktop/bad_curve/IMG/left_2019_01_30_04_20_48_259.jpg,/root/Desktop/bad_curve/IMG/right_2019_01_30_04_20_48_259.jpg,0.1,0.1549194,0,4.429501
/root/Desktop/bad_curve/IMG/center_2019_01_30_04_20_48_331.jpg,/root/Desktop/bad_curve/IMG/left_2019_01_30_04_20_48_331.jpg,/root/Desktop/bad_curve/IMG/right_2019_01_30_04_20_48_331.jpg,0.25,0.1782475,0,4.303984
/root/Desktop/bad_curve/IMG/center_2019_01_30_04_20_48_399.jpg,/root/Desktop/bad_curve/IMG/left_2019_01_30_04_20_48_399.jpg,/root/Desktop/bad_curve/IMG/right_2019_01_30_04_20_48_399.jpg,0.45,0,0,3.986122
/root/Desktop/bad_curve/IMG/center_2019_01_30_04_20_48_473.jpg,/root/Desktop/bad_curve/IMG/left_2019_01_30_04_20_48_473.jpg,/root/Desktop/bad_curve/IMG/right_2019_01_30_04_20_48_473.jpg,0.2870014,0.189939,0,3.748297
/root/Desktop/bad_curve/IMG/center_2019_01_30_04_20_48_547.jpg,/root/Desktop/bad_curve/IMG/left_2019_01_30_04_20_48_547.jpg,/root/Desktop/bad_curve/IMG/right_2019_01_30_04_20_48_547.jpg,0.3178691,0.379863,0,3.741822
/root/Desktop/bad_curve/IMG/center_2019_01_30_04_20_48_621.jpg,/root/Desktop/bad_curve/IMG/left_2019_01_30_04_20_48_621.jpg,/root/Desktop/bad_curve/IMG/right_2019_01_30_04_20_48_621.jpg,0.5178691,0.2642791,0,3.649952
/root/Desktop/bad_curve/IMG/center_2019_01_30_04_20_48_696.jpg,/root/Desktop/bad_curve/IMG/left_2019_01_30_04_20_48_696.jpg,/root/Desktop/bad_curve/IMG/right_2019_01_30_04_20_48_696.jpg,0.4933805,0.1665308,0,3.570679
/root/Desktop/bad_curve/IMG/center_2019_01_30_04_20_48_771.jpg,/root/Desktop/bad_curve/IMG/left_2019_01_30_04_20_48_771.jpg,/root/Desktop/bad_curve/IMG/right_2019_01_30_04_20_48_771.jpg,0.4215654,0.3523901,0,3.532931
/root/Desktop/bad_curve/IMG/center_2019_01_30_04_20_48_844.jpg,/root/Desktop/bad_curve/IMG/left_2019_01_30_04_20_48_844.jpg,/root/Desktop/bad_curve/IMG/right_2019_01_30_04_20_48_844.jpg,0.6215654,0.5168288,0,3.654768
/root/Desktop/bad_curve/IMG/center_2019_01_30_04_20_48_916.jpg,/root/Desktop/bad_curve/IMG/left_2019_01_30_04_20_48_916.jpg,/root/Desktop/bad_curve/IMG/right_2019_01_30_04_20_48_916.jpg,0.5329614,0.387625,0,3.707627
/root/Desktop/bad_curve/IMG/center_2019_01_30_04_20_48_990.jpg,/root/Desktop/bad_curve/IMG/left_2019_01_30_04_20_48_990.jpg,/root/Desktop/bad_curve/IMG/right_2019_01_30_04_20_48_990.jpg,0.3396442,0.5220752,0,3.822762
/root/Desktop/bad_curve/IMG/center_2019_01_30_04_20_49_061.jpg,/root/Desktop/bad_curve/IMG/left_2019_01_30_04_20_49_061.jpg,/root/Desktop/bad_curve/IMG/right_2019_01_30_04_20_49_061.jpg,0.4306678,0.3742204,0,3.881229
/root/Desktop/bad_curve/IMG/center_2019_01_30_04_20_49_134.jpg,/root/Desktop/bad_curve/IMG/left_2019_01_30_04_20_49_134.jpg,/root/Desktop/bad_curve/IMG/right_2019_01_30_04_20_49_134.jpg,0.3625824,0.5923533,0,4.042906
/root/Desktop/bad_curve/IMG/center_2019_01_30_04_20_49_207.jpg,/root/Desktop/bad_curve/IMG/left_2019_01_30_04_20_49_207.jpg,/root/Desktop/bad_curve/IMG/right_2019_01_30_04_20_49_207.jpg,0.1802309,0.7747049,0,4.322095
/root/Desktop/bad_curve/IMG/center_2019_01_30_04_20_49_287.jpg,/root/Desktop/bad_curve/IMG/left_2019_01_30_04_20_49_287.jpg,/root/Desktop/bad_curve/IMG/right_2019_01_30_04_20_49_287.jpg,0,0.539016,0,4.614631
/root/Desktop/bad_curve/IMG/center_2019_01_30_04_20_49_354.jpg,/root/Desktop/bad_curve/IMG/left_2019_01_30_04_20_49_354.jpg,/root/Desktop/bad_curve/IMG/right_2019_01_30_04_20_49_354.jpg,0,0.4901648,0,4.805091
/root/Desktop/bad_curve/IMG/center_2019_01_30_04_20_49_428.jpg,/root/Desktop/bad_curve/IMG/left_2019_01_30_04_20_49_428.jpg,/root/Desktop/bad_curve/IMG/right_2019_01_30_04_20_49_428.jpg,0,0.2998209,0,4.786224
/root/Desktop/bad_curve/IMG/center_2019_01_30_04_20_49_503.jpg,/root/Desktop/bad_curve/IMG/left_2019_01_30_04_20_49_503.jpg,/root/Desktop/bad_curve/IMG/right_2019_01_30_04_20_49_503.jpg,0,0.3996305,0,4.687243
/root/Desktop/bad_curve/IMG/center_2019_01_30_04_20_49_578.jpg,/root/Desktop/bad_curve/IMG/left_2019_01_30_04_20_49_578.jpg,/root/Desktop/bad_curve/IMG/right_2019_01_30_04_20_49_578.jpg,0,0.3217027,0,4.65736
/root/Desktop/bad_curve/IMG/center_2019_01_30_04_20_49_651.jpg,/root/Desktop/bad_curve/IMG/left_2019_01_30_04_20_49_651.jpg,/root/Desktop/bad_curve/IMG/right_2019_01_30_04_20_49_651.jpg,0,0.3872702,0,4.58221
/root/Desktop/bad_curve/IMG/center_2019_01_30_04_20_49_724.jpg,/root/Desktop/bad_curve/IMG/left_2019_01_30_04_20_49_724.jpg,/root/Desktop/bad_curve/IMG/right_2019_01_30_04_20_49_724.jpg,0.2,0.6076534,0,4.674303
/root/Desktop/bad_curve/IMG/center_2019_01_30_04_20_49_796.jpg,/root/Desktop/bad_curve/IMG/left_2019_01_30_04_20_49_796.jpg,/root/Desktop/bad_curve/IMG/right_2019_01_30_04_20_49_796.jpg,0.4,0.4232605,0,4.725795
/root/Desktop/bad_curve/IMG/center_2019_01_30_04_20_49_867.jpg,/root/Desktop/bad_curve/IMG/left_2019_01_30_04_20_49_867.jpg,/root/Desktop/bad_curve/IMG/right_2019_01_30_04_20_49_867.jpg,0.5700052,0.6042387,0,4.800542
/root/Desktop/bad_curve/IMG/center_2019_01_30_04_20_49_945.jpg,/root/Desktop/bad_curve/IMG/left_2019_01_30_04_20_49_945.jpg,/root/Desktop/bad_curve/IMG/right_2019_01_30_04_20_49_945.jpg,0.7700053,0.6903384,0,5.056836
/root/Desktop/bad_curve/IMG/center_2019_01_30_04_20_50_022.jpg,/root/Desktop/bad_curve/IMG/left_2019_01_30_04_20_50_022.jpg,/root/Desktop/bad_curve/IMG/right_2019_01_30_04_20_50_022.jpg,0.6083186,0.6387019,0,5.250289
/root/Desktop/bad_curve/IMG/center_2019_01_30_04_20_50_096.jpg,/root/Desktop/bad_curve/IMG/left_2019_01_30_04_20_50_096.jpg,/root/Desktop/bad_curve/IMG/right_2019_01_30_04_20_50_096.jpg,0.5039921,0.8593855,0,5.603662
/root/Desktop/bad_curve/IMG/center_2019_01_30_04_20_50_169.jpg,/root/Desktop/bad_curve/IMG/left_2019_01_30_04_20_50_169.jpg,/root/Desktop/bad_curve/IMG/right_2019_01_30_04_20_50_169.jpg,0.579179,0.6737995,0,5.852512
/root/Desktop/bad_curve/IMG/center_2019_01_30_04_20_50_236.jpg,/root/Desktop/bad_curve/IMG/left_2019_01_30_04_20_50_236.jpg,/root/Desktop/bad_curve/IMG/right_2019_01_30_04_20_50_236.jpg,0.7519848,0.7297082,0,6.072309
/root/Desktop/bad_curve/IMG/center_2019_01_30_04_20_50_311.jpg,/root/Desktop/bad_curve/IMG/left_2019_01_30_04_20_50_311.jpg,/root/Desktop/bad_curve/IMG/right_2019_01_30_04_20_50_311.jpg,0.5575819,0.9241111,0,6.400666
/root/Desktop/bad_curve/IMG/center_2019_01_30_04_20_50_383.jpg,/root/Desktop/bad_curve/IMG/left_2019_01_30_04_20_50_383.jpg,/root/Desktop/bad_curve/IMG/right_2019_01_30_04_20_50_383.jpg,0.3393917,0.8351376,0,6.916353
/root/Desktop/bad_curve/IMG/center_2019_01_30_04_20_50_456.jpg,/root/Desktop/bad_curve/IMG/left_2019_01_30_04_20_50_456.jpg,/root/Desktop/bad_curve/IMG/right_2019_01_30_04_20_50_456.jpg,0.09114504,0.9575708,0,7.340617
/root/Desktop/bad_curve/IMG/center_2019_01_30_04_20_50_529.jpg,/root/Desktop/bad_curve/IMG/left_2019_01_30_04_20_50_529.jpg,/root/Desktop/bad_curve/IMG/right_2019_01_30_04_20_50_529.jpg,0,0.966928,0,7.707387
/root/Desktop/bad_curve/IMG/center_2019_01_30_04_20_50_600.jpg,/root/Desktop/bad_curve/IMG/left_2019_01_30_04_20_50_600.jpg,/root/Desktop/bad_curve/IMG/right_2019_01_30_04_20_50_600.jpg,0,0.8460612,0,8.06359
/root/Desktop/bad_curve/IMG/center_2019_01_30_04_20_50_674.jpg,/root/Desktop/bad_curve/IMG/left_2019_01_30_04_20_50_674.jpg,/root/Desktop/bad_curve/IMG/right_2019_01_30_04_20_50_674.jpg,0,1,0,8.510778
/root/Desktop/bad_curve/IMG/center_2019_01_30_04_20_50_742.jpg,/root/Desktop/bad_curve/IMG/left_2019_01_30_04_20_50_742.jpg,/root/Desktop/bad_curve/IMG/right_2019_01_30_04_20_50_742.jpg,0.05,0.9689736,0,8.892375
/root/Desktop/bad_curve/IMG/center_2019_01_30_04_20_50_812.jpg,/root/Desktop/bad_curve/IMG/left_2019_01_30_04_20_50_812.jpg,/root/Desktop/bad_curve/IMG/right_2019_01_30_04_20_50_812.jpg,0.25,0.7840922,0,9.246375
/root/Desktop/bad_curve/IMG/center_2019_01_30_04_20_50_884.jpg,/root/Desktop/bad_curve/IMG/left_2019_01_30_04_20_50_884.jpg,/root/Desktop/bad_curve/IMG/right_2019_01_30_04_20_50_884.jpg,0.1311364,0.9726329,0,9.556414
/root/Desktop/bad_curve/IMG/center_2019_01_30_04_20_50_954.jpg,/root/Desktop/bad_curve/IMG/left_2019_01_30_04_20_50_954.jpg,/root/Desktop/bad_curve/IMG/right_2019_01_30_04_20_50_954.jpg,0.1173614,1,0,10.07493
/root/Desktop/bad_curve/IMG/center_2019_01_30_04_20_51_024.jpg,/root/Desktop/bad_curve/IMG/left_2019_01_30_04_20_51_024.jpg,/root/Desktop/bad_curve/IMG/right_2019_01_30_04_20_51_024.jpg,0.2673614,1,0,10.44182
/root/Desktop/bad_curve/IMG/center_2019_01_30_04_20_51_097.jpg,/root/Desktop/bad_curve/IMG/left_2019_01_30_04_20_51_097.jpg,/root/Desktop/bad_curve/IMG/right_2019_01_30_04_20_51_097.jpg,0.1924345,1,0,10.91677
/root/Desktop/bad_curve/IMG/center_2019_01_30_04_20_51_166.jpg,/root/Desktop/bad_curve/IMG/left_2019_01_30_04_20_51_166.jpg,/root/Desktop/bad_curve/IMG/right_2019_01_30_04_20_51_166.jpg,0.01300192,0.8517432,0,11.22247
/root/Desktop/bad_curve/IMG/center_2019_01_30_04_20_51_246.jpg,/root/Desktop/bad_curve/IMG/left_2019_01_30_04_20_51_246.jpg,/root/Desktop/bad_curve/IMG/right_2019_01_30_04_20_51_246.jpg,0.05,0.7495811,0,11.49511
/root/Desktop/bad_curve/IMG/center_2019_01_30_04_20_51_317.jpg,/root/Desktop/bad_curve/IMG/left_2019_01_30_04_20_51_317.jpg,/root/Desktop/bad_curve/IMG/right_2019_01_30_04_20_51_317.jpg,0.25,0.9630005,0,11.75563
/root/Desktop/bad_curve/IMG/center_2019_01_30_04_20_51_393.jpg,/root/Desktop/bad_curve/IMG/left_2019_01_30_04_20_51_393.jpg,/root/Desktop/bad_curve/IMG/right_2019_01_30_04_20_51_393.jpg,0.1304455,0.7975655,0,12.16015
/root/Desktop/bad_curve/IMG/center_2019_01_30_04_20_51_468.jpg,/root/Desktop/bad_curve/IMG/left_2019_01_30_04_20_51_468.jpg,/root/Desktop/bad_curve/IMG/right_2019_01_30_04_20_51_468.jpg,0.05,0.9901116,0,12.45318
/root/Desktop/bad_curve/IMG/center_2019_01_30_04_20_51_545.jpg,/root/Desktop/bad_curve/IMG/left_2019_01_30_04_20_51_545.jpg,/root/Desktop/bad_curve/IMG/right_2019_01_30_04_20_51_545.jpg,0.25,0.8978021,0,12.87032
/root/Desktop/bad_curve/IMG/center_2019_01_30_04_20_51_620.jpg,/root/Desktop/bad_curve/IMG/left_2019_01_30_04_20_51_620.jpg,/root/Desktop/bad_curve/IMG/right_2019_01_30_04_20_51_620.jpg,0.45,0.6411011,0,13.19041
/root/Desktop/bad_curve/IMG/center_2019_01_30_04_20_51_696.jpg,/root/Desktop/bad_curve/IMG/left_2019_01_30_04_20_51_696.jpg,/root/Desktop/bad_curve/IMG/right_2019_01_30_04_20_51_696.jpg,0.4878509,0.4714174,0,12.97143
/root/Desktop/bad_curve/IMG/center_2019_01_30_04_20_51_773.jpg,/root/Desktop/bad_curve/IMG/left_2019_01_30_04_20_51_773.jpg,/root/Desktop/bad_curve/IMG/right_2019_01_30_04_20_51_773.jpg,0.5734107,0.7011726,0,12.97456
/root/Desktop/bad_curve/IMG/center_2019_01_30_04_20_51_840.jpg,/root/Desktop/bad_curve/IMG/left_2019_01_30_04_20_51_840.jpg,/root/Desktop/bad_curve/IMG/right_2019_01_30_04_20_51_840.jpg,0.7234107,0.901897,0,13.19982
/root/Desktop/bad_curve/IMG/center_2019_01_30_04_20_51_913.jpg,/root/Desktop/bad_curve/IMG/left_2019_01_30_04_20_51_913.jpg,/root/Desktop/bad_curve/IMG/right_2019_01_30_04_20_51_913.jpg,0.9234108,0.6822069,0,13.48749
/root/Desktop/bad_curve/IMG/center_2019_01_30_04_20_51_982.jpg,/root/Desktop/bad_curve/IMG/left_2019_01_30_04_20_51_982.jpg,/root/Desktop/bad_curve/IMG/right_2019_01_30_04_20_51_982.jpg,1,0.7428942,0,13.5173
/root/Desktop/bad_curve/IMG/center_2019_01_30_04_20_52_057.jpg,/root/Desktop/bad_curve/IMG/left_2019_01_30_04_20_52_057.jpg,/root/Desktop/bad_curve/IMG/right_2019_01_30_04_20_52_057.jpg,1,0.9985001,0,13.55332
/root/Desktop/bad_curve/IMG/center_2019_01_30_04_20_52_133.jpg,/root/Desktop/bad_curve/IMG/left_2019_01_30_04_20_52_133.jpg,/root/Desktop/bad_curve/IMG/right_2019_01_30_04_20_52_133.jpg,0.83776,0.7702363,0,14.05799
/root/Desktop/bad_curve/IMG/center_2019_01_30_04_20_52_204.jpg,/root/Desktop/bad_curve/IMG/left_2019_01_30_04_20_52_204.jpg,/root/Desktop/bad_curve/IMG/right_2019_01_30_04_20_52_204.jpg,0.6565993,0.5890756,0,14.24326
/root/Desktop/bad_curve/IMG/center_2019_01_30_04_20_52_276.jpg,/root/Desktop/bad_curve/IMG/left_2019_01_30_04_20_52_276.jpg,/root/Desktop/bad_curve/IMG/right_2019_01_30_04_20_52_276.jpg,0.4087417,0.341218,0,14.40196
/root/Desktop/bad_curve/IMG/center_2019_01_30_04_20_52_345.jpg,/root/Desktop/bad_curve/IMG/left_2019_01_30_04_20_52_345.jpg,/root/Desktop/bad_curve/IMG/right_2019_01_30_04_20_52_345.jpg,0.2286911,0.1611674,0,13.9572
/root/Desktop/bad_curve/IMG/center_2019_01_30_04_20_52_415.jpg,/root/Desktop/bad_curve/IMG/left_2019_01_30_04_20_52_415.jpg,/root/Desktop/bad_curve/IMG/right_2019_01_30_04_20_52_415.jpg,0,0,0,13.4094
/root/Desktop/bad_curve/IMG/center_2019_01_30_04_20_52_488.jpg,/root/Desktop/bad_curve/IMG/left_2019_01_30_04_20_52_488.jpg,/root/Desktop/bad_curve/IMG/right_2019_01_30_04_20_52_488.jpg,0,0.02789998,0,13.59909
/root/Desktop/bad_curve/IMG/center_2019_01_30_04_20_52_563.jpg,/root/Desktop/bad_curve/IMG/left_2019_01_30_04_20_52_563.jpg,/root/Desktop/bad_curve/IMG/right_2019_01_30_04_20_52_563.jpg,0,0,0,13.11506
/root/Desktop/bad_curve/IMG/center_2019_01_30_04_20_52_636.jpg,/root/Desktop/bad_curve/IMG/left_2019_01_30_04_20_52_636.jpg,/root/Desktop/bad_curve/IMG/right_2019_01_30_04_20_52_636.jpg,0,0,0,12.61449
/root/Desktop/bad_curve/IMG/center_2019_01_30_04_20_52_703.jpg,/root/Desktop/bad_curve/IMG/left_2019_01_30_04_20_52_703.jpg,/root/Desktop/bad_curve/IMG/right_2019_01_30_04_20_52_703.jpg,0,0.1463463,0,12.07418
/root/Desktop/bad_curve/IMG/center_2019_01_30_04_20_52_774.jpg,/root/Desktop/bad_curve/IMG/left_2019_01_30_04_20_52_774.jpg,/root/Desktop/bad_curve/IMG/right_2019_01_30_04_20_52_774.jpg,0,0.08049917,0,11.8355
/root/Desktop/bad_curve/IMG/center_2019_01_30_04_20_52_844.jpg,/root/Desktop/bad_curve/IMG/left_2019_01_30_04_20_52_844.jpg,/root/Desktop/bad_curve/IMG/right_2019_01_30_04_20_52_844.jpg,0,0,0,11.93039
/root/Desktop/bad_curve/IMG/center_2019_01_30_04_20_52_915.jpg,/root/Desktop/bad_curve/IMG/left_2019_01_30_04_20_52_915.jpg,/root/Desktop/bad_curve/IMG/right_2019_01_30_04_20_52_915.jpg,0,0,0,11.45998
/root/Desktop/bad_curve/IMG/center_2019_01_30_04_20_52_989.jpg,/root/Desktop/bad_curve/IMG/left_2019_01_30_04_20_52_989.jpg,/root/Desktop/bad_curve/IMG/right_2019_01_30_04_20_52_989.jpg,0,0,0,10.8648
/root/Desktop/bad_curve/IMG/center_2019_01_30_04_20_53_057.jpg,/root/Desktop/bad_curve/IMG/left_2019_01_30_04_20_53_057.jpg,/root/Desktop/bad_curve/IMG/right_2019_01_30_04_20_53_057.jpg,0.2,0.2048342,0,10.86207
/root/Desktop/bad_curve/IMG/center_2019_01_30_04_20_53_126.jpg,/root/Desktop/bad_curve/IMG/left_2019_01_30_04_20_53_126.jpg,/root/Desktop/bad_curve/IMG/right_2019_01_30_04_20_53_126.jpg,0.02436018,0.3256974,0,10.82356
/root/Desktop/bad_curve/IMG/center_2019_01_30_04_20_53_198.jpg,/root/Desktop/bad_curve/IMG/left_2019_01_30_04_20_53_198.jpg,/root/Desktop/bad_curve/IMG/right_2019_01_30_04_20_53_198.jpg,0,0.08534074,0,10.69062
/root/Desktop/bad_curve/IMG/center_2019_01_30_04_20_53_269.jpg,/root/Desktop/bad_curve/IMG/left_2019_01_30_04_20_53_269.jpg,/root/Desktop/bad_curve/IMG/right_2019_01_30_04_20_53_269.jpg,0.03239393,0,0,10.47437
/root/Desktop/bad_curve/IMG/center_2019_01_30_04_20_53_342.jpg,/root/Desktop/bad_curve/IMG/left_2019_01_30_04_20_53_342.jpg,/root/Desktop/bad_curve/IMG/right_2019_01_30_04_20_53_342.jpg,0,0,0,10.21352
/root/Desktop/bad_curve/IMG/center_2019_01_30_04_20_53_414.jpg,/root/Desktop/bad_curve/IMG/left_2019_01_30_04_20_53_414.jpg,/root/Desktop/bad_curve/IMG/right_2019_01_30_04_20_53_414.jpg,0,0.09604812,0,9.980735
/root/Desktop/bad_curve/IMG/center_2019_01_30_04_20_53_483.jpg,/root/Desktop/bad_curve/IMG/left_2019_01_30_04_20_53_483.jpg,/root/Desktop/bad_curve/IMG/right_2019_01_30_04_20_53_483.jpg,0.1,0.1126921,0,9.890156
/root/Desktop/bad_curve/IMG/center_2019_01_30_04_20_53_556.jpg,/root/Desktop/bad_curve/IMG/left_2019_01_30_04_20_53_556.jpg,/root/Desktop/bad_curve/IMG/right_2019_01_30_04_20_53_556.jpg,0.2469993,0,0,9.663862
/root/Desktop/bad_curve/IMG/center_2019_01_30_04_20_53_626.jpg,/root/Desktop/bad_curve/IMG/left_2019_01_30_04_20_53_626.jpg,/root/Desktop/bad_curve/IMG/right_2019_01_30_04_20_53_626.jpg,0.06820822,0,0,9.484025
/root/Desktop/bad_curve/IMG/center_2019_01_30_04_20_53_700.jpg,/root/Desktop/bad_curve/IMG/left_2019_01_30_04_20_53_700.jpg,/root/Desktop/bad_curve/IMG/right_2019_01_30_04_20_53_700.jpg,0,0.02895284,0,9.249291
/root/Desktop/bad_curve/IMG/center_2019_01_30_04_20_53_772.jpg,/root/Desktop/bad_curve/IMG/left_2019_01_30_04_20_53_772.jpg,/root/Desktop/bad_curve/IMG/right_2019_01_30_04_20_53_772.jpg,0.05,0.246156,0,9.186666
/root/Desktop/bad_curve/IMG/center_2019_01_30_04_20_53_845.jpg,/root/Desktop/bad_curve/IMG/left_2019_01_30_04_20_53_845.jpg,/root/Desktop/bad_curve/IMG/right_2019_01_30_04_20_53_845.jpg,0.2,0.1742821,0,9.218235
/root/Desktop/bad_curve/IMG/center_2019_01_30_04_20_53_916.jpg,/root/Desktop/bad_curve/IMG/left_2019_01_30_04_20_53_916.jpg,/root/Desktop/bad_curve/IMG/right_2019_01_30_04_20_53_916.jpg,0.3607378,0,0,9.099432
/root/Desktop/bad_curve/IMG/center_2019_01_30_04_20_53_994.jpg,/root/Desktop/bad_curve/IMG/left_2019_01_30_04_20_53_994.jpg,/root/Desktop/bad_curve/IMG/right_2019_01_30_04_20_53_994.jpg,0.2161103,0,0,8.987265
/root/Desktop/bad_curve/IMG/center_2019_01_30_04_20_54_062.jpg,/root/Desktop/bad_curve/IMG/left_2019_01_30_04_20_54_062.jpg,/root/Desktop/bad_curve/IMG/right_2019_01_30_04_20_54_062.jpg,0.3661103,0,0,8.88732
/root/Desktop/bad_curve/IMG/center_2019_01_30_04_20_54_135.jpg,/root/Desktop/bad_curve/IMG/left_2019_01_30_04_20_54_135.jpg,/root/Desktop/bad_curve/IMG/right_2019_01_30_04_20_54_135.jpg,0.3052003,0.08228087,0,8.80103
/root/Desktop/bad_curve/IMG/center_2019_01_30_04_20_54_205.jpg,/root/Desktop/bad_curve/IMG/left_2019_01_30_04_20_54_205.jpg,/root/Desktop/bad_curve/IMG/right_2019_01_30_04_20_54_205.jpg,0.1244559,0,0,8.721722
/root/Desktop/bad_curve/IMG/center_2019_01_30_04_20_54_284.jpg,/root/Desktop/bad_curve/IMG/left_2019_01_30_04_20_54_284.jpg,/root/Desktop/bad_curve/IMG/right_2019_01_30_04_20_54_284.jpg,0.1111644,0,0,8.592274
/root/Desktop/bad_curve/IMG/center_2019_01_30_04_20_54_358.jpg,/root/Desktop/bad_curve/IMG/left_2019_01_30_04_20_54_358.jpg,/root/Desktop/bad_curve/IMG/right_2019_01_30_04_20_54_358.jpg,0.2043421,0,0,8.456728
/root/Desktop/bad_curve/IMG/center_2019_01_30_04_20_54_425.jpg,/root/Desktop/bad_curve/IMG/left_2019_01_30_04_20_54_425.jpg,/root/Desktop/bad_curve/IMG/right_2019_01_30_04_20_54_425.jpg,0.03673768,0.05844069,0,8.374293
/root/Desktop/bad_curve/IMG/center_2019_01_30_04_20_54_496.jpg,/root/Desktop/bad_curve/IMG/left_2019_01_30_04_20_54_496.jpg,/root/Desktop/bad_curve/IMG/right_2019_01_30_04_20_54_496.jpg,0,0.302865,0,8.45803
/root/Desktop/bad_curve/IMG/center_2019_01_30_04_20_54_563.jpg,/root/Desktop/bad_curve/IMG/left_2019_01_30_04_20_54_563.jpg,/root/Desktop/bad_curve/IMG/right_2019_01_30_04_20_54_563.jpg,0,0.189414,0,8.598557
/root/Desktop/bad_curve/IMG/center_2019_01_30_04_20_54_638.jpg,/root/Desktop/bad_curve/IMG/left_2019_01_30_04_20_54_638.jpg,/root/Desktop/bad_curve/IMG/right_2019_01_30_04_20_54_638.jpg,0,0,0,8.593437
